/*
Post-Deployment Script Template							
--------------------------------------------------------------------------------------
 This file contains SQL statements that will be appended to the build script.		
 Use SQLCMD syntax to include a file in the post-deployment script.			
 Example:      :r .\myfile.sql								
 Use SQLCMD syntax to reference a variable in the post-deployment script.		
 Example:      :setvar TableName MyTable							
               SELECT * FROM [$(TableName)]					
--------------------------------------------------------------------------------------
*/

 DELETE FROM dbo.Product;
 DELETE FROM dbo.SubCategory;
 DELETE FROM dbo.ProductCategory;
 DELETE FROM dbo.[User];

/*Populate User table -- START*/
SET IDENTITY_INSERT [dbo].[User] ON
INSERT INTO [dbo].[User] ([ID], [Name], [Surname], [Email], [Password], [PhoneNumber], [Status], [DateRegistered], [UserType]) VALUES (1, N'Ibrahim', N'Chhaya', N'ibrahim@gmail.com', N'Ibrahim', N'0799633677', N'', NULL, NULL)
INSERT INTO [dbo].[User] ([ID], [Name], [Surname], [Email], [Password], [PhoneNumber], [Status], [DateRegistered], [UserType]) VALUES (2, N'Jimmy ', N'Cook', N'Jimmy@gmail.com', N'Jimmy', N'0795689451', NULL, NULL, NULL)
INSERT INTO [dbo].[User] ([ID], [Name], [Surname], [Email], [Password], [PhoneNumber], [Status], [DateRegistered], [UserType]) VALUES (4, N'Allan ', N'Donald', N'Allan@gmail.com', N'Allan', N'0826548925', NULL, NULL, NULL)
INSERT INTO [dbo].[User] ([ID], [Name], [Surname], [Email], [Password], [PhoneNumber], [Status], [DateRegistered], [UserType]) VALUES (5, N'Andrew ', N'Hudson', N'Andrew@gmail.com', N'Andrew', N'0826589365', NULL, NULL, NULL)
INSERT INTO [dbo].[User] ([ID], [Name], [Surname], [Email], [Password], [PhoneNumber], [Status], [DateRegistered], [UserType]) VALUES (9, N'Peter ', N'Kirsten', N'Peter@yahoo.com', N'Peter', N'0825687415', NULL, NULL, NULL)
INSERT INTO [dbo].[User] ([ID], [Name], [Surname], [Email], [Password], [PhoneNumber], [Status], [DateRegistered], [UserType]) VALUES (11, N'Adrian ', N'Kuiper', N'Adrian@yahoo.com', N'Adrian', N'0836598742', NULL, NULL, NULL)
INSERT INTO [dbo].[User] ([ID], [Name], [Surname], [Email], [Password], [PhoneNumber], [Status], [DateRegistered], [UserType]) VALUES (12, N'Dave ', N'Richardson', N'Dave@gmail.com', N'Dave', N'0745632148', NULL, NULL, NULL)
INSERT INTO [dbo].[User] ([ID], [Name], [Surname], [Email], [Password], [PhoneNumber], [Status], [DateRegistered], [UserType]) VALUES (13, N'Clive ', N'Eksteen', N'Clive@gmail.com', N'Clive', N'0745689214', NULL, NULL, NULL)
INSERT INTO [dbo].[User] ([ID], [Name], [Surname], [Email], [Password], [PhoneNumber], [Status], [DateRegistered], [UserType]) VALUES (14, N'Mandy ', N'Yachad', N'Mandy@yahoo.com', N'Mandy', N'0659874123', NULL, NULL, NULL)
INSERT INTO [dbo].[User] ([ID], [Name], [Surname], [Email], [Password], [PhoneNumber], [Status], [DateRegistered], [UserType]) VALUES (15, N'Jonty ', N'Rhodes', N'Jonty@gmail.com', N'Jonty', N'0625896378', NULL, NULL, NULL)
INSERT INTO [dbo].[User] ([ID], [Name], [Surname], [Email], [Password], [PhoneNumber], [Status], [DateRegistered], [UserType]) VALUES (16, N'Fanie ', N'de Villiers', N'Fanie@yahoo.com', N'Fanie', N'0843659874', NULL, NULL, NULL)
INSERT INTO [dbo].[User] ([ID], [Name], [Surname], [Email], [Password], [PhoneNumber], [Status], [DateRegistered], [UserType]) VALUES (17, N'Neil ', N'McKenzie', N'Neil@gmail.com', N'Neil', N'0659874213', NULL, NULL, NULL)
INSERT INTO [dbo].[User] ([ID], [Name], [Surname], [Email], [Password], [PhoneNumber], [Status], [DateRegistered], [UserType]) VALUES (19, N'Dale ', N'Steyn', N'Dale@yahoo.com', N'Dale', N'0825698741', NULL, NULL, NULL)
INSERT INTO [dbo].[User] ([ID], [Name], [Surname], [Email], [Password], [PhoneNumber], [Status], [DateRegistered], [UserType]) VALUES (20, N'Deepika ', N'Padukone', N'Deepika@gmail.com', N'Deepika', N'0856987412', NULL, NULL, NULL)
INSERT INTO [dbo].[User] ([ID], [Name], [Surname], [Email], [Password], [PhoneNumber], [Status], [DateRegistered], [UserType]) VALUES (21, N'Kareena ', N'Kapoor', N'Kareena@yahoo.com', N'Kareena', N'0852365471', NULL, NULL, NULL)
INSERT INTO [dbo].[User] ([ID], [Name], [Surname], [Email], [Password], [PhoneNumber], [Status], [DateRegistered], [UserType]) VALUES (24, N'Alia ', N'Bhatt', N'Alia@gmail.com', N'Alia', N'0825647123', NULL, NULL, NULL)
INSERT INTO [dbo].[User] ([ID], [Name], [Surname], [Email], [Password], [PhoneNumber], [Status], [DateRegistered], [UserType]) VALUES (25, N'Ileana', N'Dcruiz', N'Ileana@yahoo.com', N'Ileana', N'0832156435', NULL, NULL, NULL)
INSERT INTO [dbo].[User] ([ID], [Name], [Surname], [Email], [Password], [PhoneNumber], [Status], [DateRegistered], [UserType]) VALUES (26, N'Tamannah', N'Baig', N'Tamannah@gmail.com', N'Tamannah', N'0845632145', NULL, NULL, NULL)
SET IDENTITY_INSERT [dbo].[User] OFF
/*Populate User table --END */

/*Populate Category table -- START*/
SET IDENTITY_INSERT [dbo].[ProductCategory] ON
INSERT INTO [dbo].[ProductCategory] ([ID], [Name]) VALUES (1, N'Food Pantry')
INSERT INTO [dbo].[ProductCategory] ([ID], [Name]) VALUES (2, N'Fresh Food')
INSERT INTO [dbo].[ProductCategory] ([ID], [Name]) VALUES (3, N'Frozen Food')
INSERT INTO [dbo].[ProductCategory] ([ID], [Name]) VALUES (5, N'Deli & Party Foods')
INSERT INTO [dbo].[ProductCategory] ([ID], [Name]) VALUES (6, N'Ready Meals')
INSERT INTO [dbo].[ProductCategory] ([ID], [Name]) VALUES (7, N'Bakery,Bread & Desserts')
INSERT INTO [dbo].[ProductCategory] ([ID], [Name]) VALUES (8, N'Drinks')
INSERT INTO [dbo].[ProductCategory] ([ID], [Name]) VALUES (9, N'Eco-Friendly Household')
SET IDENTITY_INSERT [dbo].[ProductCategory] OFF
/*Populate Category table -- END*/

/*Populate SubCategory table -- START*/
SET IDENTITY_INSERT [dbo].[SubCategory] ON
INSERT INTO [dbo].[SubCategory] ([SubID], [Name], [CategoryID]) VALUES (1, N'Baking Ingredients', 1)
INSERT INTO [dbo].[SubCategory] ([SubID], [Name], [CategoryID]) VALUES (2, N'Beans & Pulses', 1)
INSERT INTO [dbo].[SubCategory] ([SubID], [Name], [CategoryID]) VALUES (3, N'Biscuits, Rusks & Crackers', 1)
INSERT INTO [dbo].[SubCategory] ([SubID], [Name], [CategoryID]) VALUES (4, N'Breakfast Cerials & Bars', 1)
INSERT INTO [dbo].[SubCategory] ([SubID], [Name], [CategoryID]) VALUES (5, N'Packaged and Canned Food', 1)
INSERT INTO [dbo].[SubCategory] ([SubID], [Name], [CategoryID]) VALUES (6, N'Sweets & Chocolates', 1)
INSERT INTO [dbo].[SubCategory] ([SubID], [Name], [CategoryID]) VALUES (7, N'Salads & Condiments', 1)
INSERT INTO [dbo].[SubCategory] ([SubID], [Name], [CategoryID]) VALUES (8, N'Dried Snack, Fruits & Nuts', 1)
INSERT INTO [dbo].[SubCategory] ([SubID], [Name], [CategoryID]) VALUES (9, N'Spreads & Jams', 1)
INSERT INTO [dbo].[SubCategory] ([SubID], [Name], [CategoryID]) VALUES (10, N'Oil & Vinegar', 1)
INSERT INTO [dbo].[SubCategory] ([SubID], [Name], [CategoryID]) VALUES (11, N'Noodles & pasta', 1)
INSERT INTO [dbo].[SubCategory] ([SubID], [Name], [CategoryID]) VALUES (12, N'Salad Dressings & Sauces', 1)
INSERT INTO [dbo].[SubCategory] ([SubID], [Name], [CategoryID]) VALUES (13, N'Rice, Grains and Maize', 1)
INSERT INTO [dbo].[SubCategory] ([SubID], [Name], [CategoryID]) VALUES (14, N'Seasonings & Spices', 1)
INSERT INTO [dbo].[SubCategory] ([SubID], [Name], [CategoryID]) VALUES (15, N'Energy Bars', 1)
INSERT INTO [dbo].[SubCategory] ([SubID], [Name], [CategoryID]) VALUES (16, N'Butter & Margarine', 2)
INSERT INTO [dbo].[SubCategory] ([SubID], [Name], [CategoryID]) VALUES (17, N'Eggs and Milk', 2)
INSERT INTO [dbo].[SubCategory] ([SubID], [Name], [CategoryID]) VALUES (18, N'Fruits', 2)
INSERT INTO [dbo].[SubCategory] ([SubID], [Name], [CategoryID]) VALUES (19, N'Vegetables', 2)
INSERT INTO [dbo].[SubCategory] ([SubID], [Name], [CategoryID]) VALUES (20, N'Meat & Poultry', 2)
INSERT INTO [dbo].[SubCategory] ([SubID], [Name], [CategoryID]) VALUES (21, N'Fresh Herbs & Salads', 2)
INSERT INTO [dbo].[SubCategory] ([SubID], [Name], [CategoryID]) VALUES (22, N'Yoghurt', 2)
INSERT INTO [dbo].[SubCategory] ([SubID], [Name], [CategoryID]) VALUES (23, N'Fresh Fish', 2)
INSERT INTO [dbo].[SubCategory] ([SubID], [Name], [CategoryID]) VALUES (24, N'Biltong', 2)
INSERT INTO [dbo].[SubCategory] ([SubID], [Name], [CategoryID]) VALUES (25, N'Cheese', 2)
INSERT INTO [dbo].[SubCategory] ([SubID], [Name], [CategoryID]) VALUES (26, N'Frozen Chips & Potatoes', 3)
INSERT INTO [dbo].[SubCategory] ([SubID], [Name], [CategoryID]) VALUES (28, N'Frozen vegetables', 3)
INSERT INTO [dbo].[SubCategory] ([SubID], [Name], [CategoryID]) VALUES (29, N'Frozen Meals', 3)
INSERT INTO [dbo].[SubCategory] ([SubID], [Name], [CategoryID]) VALUES (30, N'Frozen Fruits', 3)
INSERT INTO [dbo].[SubCategory] ([SubID], [Name], [CategoryID]) VALUES (31, N'Frozen Pizza', 3)
INSERT INTO [dbo].[SubCategory] ([SubID], [Name], [CategoryID]) VALUES (32, N'Frozen Poultry', 3)
INSERT INTO [dbo].[SubCategory] ([SubID], [Name], [CategoryID]) VALUES (33, N'Ice Creams', 3)
INSERT INTO [dbo].[SubCategory] ([SubID], [Name], [CategoryID]) VALUES (34, N'Frozen Ready Meals', 3)
INSERT INTO [dbo].[SubCategory] ([SubID], [Name], [CategoryID]) VALUES (35, N'Confectioneries', 3)
INSERT INTO [dbo].[SubCategory] ([SubID], [Name], [CategoryID]) VALUES (36, N'Party Snacks', 5)
INSERT INTO [dbo].[SubCategory] ([SubID], [Name], [CategoryID]) VALUES (37, N'Dips , Spreads and Pates', 5)
INSERT INTO [dbo].[SubCategory] ([SubID], [Name], [CategoryID]) VALUES (38, N'Deli Meats', 5)
INSERT INTO [dbo].[SubCategory] ([SubID], [Name], [CategoryID]) VALUES (39, N'Deli Fish & Sea Food', 5)
INSERT INTO [dbo].[SubCategory] ([SubID], [Name], [CategoryID]) VALUES (40, N'Olives & Antipasti', 5)
INSERT INTO [dbo].[SubCategory] ([SubID], [Name], [CategoryID]) VALUES (41, N'Pizza, Pies and Quinches', 6)
INSERT INTO [dbo].[SubCategory] ([SubID], [Name], [CategoryID]) VALUES (42, N'Meals & Sides', 6)
INSERT INTO [dbo].[SubCategory] ([SubID], [Name], [CategoryID]) VALUES (43, N'Soups', 6)
INSERT INTO [dbo].[SubCategory] ([SubID], [Name], [CategoryID]) VALUES (44, N'Fresh Noodles & Pasta, Pesto & Sauces', 6)
INSERT INTO [dbo].[SubCategory] ([SubID], [Name], [CategoryID]) VALUES (45, N'Bread', 7)
INSERT INTO [dbo].[SubCategory] ([SubID], [Name], [CategoryID]) VALUES (46, N'Rolls & Wraps', 7)
INSERT INTO [dbo].[SubCategory] ([SubID], [Name], [CategoryID]) VALUES (47, N'Cakes', 7)
INSERT INTO [dbo].[SubCategory] ([SubID], [Name], [CategoryID]) VALUES (48, N'Pastries & Desserts', 7)
INSERT INTO [dbo].[SubCategory] ([SubID], [Name], [CategoryID]) VALUES (49, N'Bottled Water', 8)
INSERT INTO [dbo].[SubCategory] ([SubID], [Name], [CategoryID]) VALUES (50, N'Squash & Cordials', 8)
INSERT INTO [dbo].[SubCategory] ([SubID], [Name], [CategoryID]) VALUES (51, N'Cold Drinks', 8)
INSERT INTO [dbo].[SubCategory] ([SubID], [Name], [CategoryID]) VALUES (52, N'Coffee & Hot Chocolate', 8)
INSERT INTO [dbo].[SubCategory] ([SubID], [Name], [CategoryID]) VALUES (53, N'Fresh Juice', 8)
INSERT INTO [dbo].[SubCategory] ([SubID], [Name], [CategoryID]) VALUES (54, N'Malt Drinks', 8)
INSERT INTO [dbo].[SubCategory] ([SubID], [Name], [CategoryID]) VALUES (55, N'Energy Drinks', 8)
INSERT INTO [dbo].[SubCategory] ([SubID], [Name], [CategoryID]) VALUES (56, N'Green Kitchen products', 9)
SET IDENTITY_INSERT [dbo].[SubCategory] OFF
/*Populate SubCategory table -- END*/

/*Populate Product table -- START*/
SET IDENTITY_INSERT [dbo].[Product] ON
INSERT INTO [dbo].[Product] ([ID], [Name], [SubCategoryID], [Price], [Cost], [StockOnHand], [Image_Location]) VALUES (1, N'Staffords Vanila Extract & Seeds 50ml', 1, CAST(100.0000 AS Money), CAST(80.0000 AS Money), 200, N'Img/Products/1.jpg')
INSERT INTO [dbo].[Product] ([ID], [Name], [SubCategoryID], [Price], [Cost], [StockOnHand], [Image_Location]) VALUES (2, N'Clover Condensed Milk 385g', 1, CAST(25.0000 AS Money), CAST(15.0000 AS Money), 400, N'Img/Products/2.png')
INSERT INTO [dbo].[Product] ([ID], [Name], [SubCategoryID], [Price], [Cost], [StockOnHand], [Image_Location]) VALUES (3, N'Imbo Red Speckled Beans 2kg', 2, CAST(30.0000 AS Money), CAST(15.0000 AS Money), 200, N'Img/Products/3.jpg')
INSERT INTO [dbo].[Product] ([ID], [Name], [SubCategoryID], [Price], [Cost], [StockOnHand], [Image_Location]) VALUES (4, N'Lion Red Speckled Sugar Beans 500g', 2, CAST(50.0000 AS Money), CAST(30.0000 AS Money), 500, N'Img/Products/4.jpg')
INSERT INTO [dbo].[Product] ([ID], [Name], [SubCategoryID], [Price], [Cost], [StockOnHand], [Image_Location]) VALUES (5, N'Ouma Rusks Choc Chip 450gr', 3, CAST(40.0000 AS Money), CAST(20.0000 AS Money), 300, N'Img/Products/5.jpg')
INSERT INTO [dbo].[Product] ([ID], [Name], [SubCategoryID], [Price], [Cost], [StockOnHand], [Image_Location]) VALUES (6, N'Cape Cookies Double Delight 500g', 3, CAST(60.0000 AS Money), CAST(45.0000 AS Money), 600, N'Img/Products/6.jpg')
INSERT INTO [dbo].[Product] ([ID], [Name], [SubCategoryID], [Price], [Cost], [StockOnHand], [Image_Location]) VALUES (7, N'NESTLE MILO DUO CEREAL 320GR', 4, CAST(50.0000 AS Money), CAST(35.0000 AS Money), 500, N'Img/Products/7.jpg')
INSERT INTO [dbo].[Product] ([ID], [Name], [SubCategoryID], [Price], [Cost], [StockOnHand], [Image_Location]) VALUES (13, N'Bokomo Pronutro Wheat 500gm', 4, CAST(50.0000 AS Money), CAST(35.0000 AS Money), 500, N'Img/Products/13.jpg')
INSERT INTO [dbo].[Product] ([ID], [Name], [SubCategoryID], [Price], [Cost], [StockOnHand], [Image_Location]) VALUES (14, N'KOO Baked Beans 400g', 5, CAST(15.0000 AS Money), CAST(7.0000 AS Money), 800, N'Img/Products/14.jpg')
INSERT INTO [dbo].[Product] ([ID], [Name], [SubCategoryID], [Price], [Cost], [StockOnHand], [Image_Location]) VALUES (15, N'Unico Diced Tomatoes', 5, CAST(20.0000 AS Money), CAST(10.0000 AS Money), 900, N'Img/Products/15.jpg')
INSERT INTO [dbo].[Product] ([ID], [Name], [SubCategoryID], [Price], [Cost], [StockOnHand], [Image_Location]) VALUES (16, N'Nestle KitKat Milk Chocolate 4 Finger', 6, CAST(25.0000 AS Money), CAST(15.0000 AS Money), 1000, N'Img/Products/16.jpg')
INSERT INTO [dbo].[Product] ([ID], [Name], [SubCategoryID], [Price], [Cost], [StockOnHand], [Image_Location]) VALUES (17, N'Nestle Smarties 40g', 6, CAST(10.0000 AS Money), CAST(3.0000 AS Money), 1500, N'Img/Products/17.jpg')
INSERT INTO [dbo].[Product] ([ID], [Name], [SubCategoryID], [Price], [Cost], [StockOnHand], [Image_Location]) VALUES (18, N'Buffet Green Pitted Olives 200g', 7, CAST(22.0000 AS Money), CAST(16.0000 AS Money), 300, N'Img/Products/18.jpg')
INSERT INTO [dbo].[Product] ([ID], [Name], [SubCategoryID], [Price], [Cost], [StockOnHand], [Image_Location]) VALUES (19, N'Tuna Marine Pitted Black Olives 180g', 7, CAST(24.0000 AS Money), CAST(14.0000 AS Money), 300, N'Img/Products/19.jpg')
INSERT INTO [dbo].[Product] ([ID], [Name], [SubCategoryID], [Price], [Cost], [StockOnHand], [Image_Location]) VALUES (20, N'Safari Funky Fruit Bars 264g', 8, CAST(34.0000 AS Money), CAST(20.0000 AS Money), 600, N'Img/Products/20.jpg')
INSERT INTO [dbo].[Product] ([ID], [Name], [SubCategoryID], [Price], [Cost], [StockOnHand], [Image_Location]) VALUES (21, N'Safari Peanuts And Raisins 750g', 8, CAST(56.0000 AS Money), CAST(29.0000 AS Money), 700, N'Img/Products/21.jpg')
INSERT INTO [dbo].[Product] ([ID], [Name], [SubCategoryID], [Price], [Cost], [StockOnHand], [Image_Location]) VALUES (22, N'Rhodes Apricot Jam 290g', 9, CAST(14.0000 AS Money), CAST(10.0000 AS Money), 800, N'Img/Products/22.jpg')
INSERT INTO [dbo].[Product] ([ID], [Name], [SubCategoryID], [Price], [Cost], [StockOnHand], [Image_Location]) VALUES (24, N'
Black Cat Crunchy Peanut Butter 800g', 9, CAST(50.0000 AS Money), CAST(45.0000 AS Money), 600, N'Img/Products/24.jpg')
INSERT INTO [dbo].[Product] ([ID], [Name], [SubCategoryID], [Price], [Cost], [StockOnHand], [Image_Location]) VALUES (25, N'Nola Pure Sunflower Oil 750ml', 10, CAST(20.0000 AS Money), CAST(10.0000 AS Money), 900, N'Img/Products/25.jpg')
INSERT INTO [dbo].[Product] ([ID], [Name], [SubCategoryID], [Price], [Cost], [StockOnHand], [Image_Location]) VALUES (26, N'LEMCKE VIRGIN COCONUT OIL 1', 10, CAST(40.0000 AS Money), CAST(30.0000 AS Money), 300, N'Img/Products/26.jpg')
INSERT INTO [dbo].[Product] ([ID], [Name], [SubCategoryID], [Price], [Cost], [StockOnHand], [Image_Location]) VALUES (27, N'PnP Pearled Couscous 350g', 11, CAST(25.0000 AS Money), CAST(20.0000 AS Money), 400, N'Img/Products/27.jpg')
INSERT INTO [dbo].[Product] ([ID], [Name], [SubCategoryID], [Price], [Cost], [StockOnHand], [Image_Location]) VALUES (28, N'Serena Lasagne 250g', 11, CAST(50.0000 AS Money), CAST(38.0000 AS Money), 900, N'Img/Products/28.jpg')
INSERT INTO [dbo].[Product] ([ID], [Name], [SubCategoryID], [Price], [Cost], [StockOnHand], [Image_Location]) VALUES (29, N'Steers 1000 Islands Salad Dressing 375ml', 12, CAST(24.0000 AS Money), CAST(12.0000 AS Money), 400, N'Img/Products/29.jpg')
INSERT INTO [dbo].[Product] ([ID], [Name], [SubCategoryID], [Price], [Cost], [StockOnHand], [Image_Location]) VALUES (30, N'Steers Burger Relish 375ml', 12, CAST(40.0000 AS Money), CAST(20.0000 AS Money), 200, N'Img/Products/30.jpg')
INSERT INTO [dbo].[Product] ([ID], [Name], [SubCategoryID], [Price], [Cost], [StockOnHand], [Image_Location]) VALUES (32, N'Supersun Super Maize Meal 10kg', 13, CAST(30.0000 AS Money), CAST(20.0000 AS Money), 500, N'Img/Products/32.jpg')
INSERT INTO [dbo].[Product] ([ID], [Name], [SubCategoryID], [Price], [Cost], [StockOnHand], [Image_Location]) VALUES (33, N'Ace Maize Meal Quick Cooking 2.5kg', 13, CAST(20.0000 AS Money), CAST(10.0000 AS Money), 400, N'Img/Products/33.jpg')
INSERT INTO [dbo].[Product] ([ID], [Name], [SubCategoryID], [Price], [Cost], [StockOnHand], [Image_Location]) VALUES (34, N'Marina Garlic Braai Salt 400g', 14, CAST(20.0000 AS Money), CAST(10.0000 AS Money), 500, N'Img/Products/34.jpg')
INSERT INTO [dbo].[Product] ([ID], [Name], [SubCategoryID], [Price], [Cost], [StockOnHand], [Image_Location]) VALUES (35, N'Robertsons Spice Refill Barbeque 128g', 14, CAST(30.0000 AS Money), CAST(20.0000 AS Money), 200, N'Img/Products/35.jpg')
INSERT INTO [dbo].[Product] ([ID], [Name], [SubCategoryID], [Price], [Cost], [StockOnHand], [Image_Location]) VALUES (36, N'Jungle Energy Bar Lite Nuts', 15, CAST(10.0000 AS Money), CAST(5.0000 AS Money), 1000, N'Img/Products/36.jpg')
INSERT INTO [dbo].[Product] ([ID], [Name], [SubCategoryID], [Price], [Cost], [StockOnHand], [Image_Location]) VALUES (37, N'Rush Endurance Bar 50g', 15, CAST(20.0000 AS Money), CAST(5.0000 AS Money), 1000, N'Img/Products/37.jpg')
INSERT INTO [dbo].[Product] ([ID], [Name], [SubCategoryID], [Price], [Cost], [StockOnHand], [Image_Location]) VALUES (38, N'Butro Butter Spread 500g', 16, CAST(40.0000 AS Money), CAST(20.0000 AS Money), 200, N'Img/Products/38.jpg')
INSERT INTO [dbo].[Product] ([ID], [Name], [SubCategoryID], [Price], [Cost], [StockOnHand], [Image_Location]) VALUES (39, N'Blossom Canola Full Fat 1kg', 16, CAST(20.0000 AS Money), CAST(10.0000 AS Money), 400, N'Img/Products/39.jpg')
INSERT INTO [dbo].[Product] ([ID], [Name], [SubCategoryID], [Price], [Cost], [StockOnHand], [Image_Location]) VALUES (40, N'Alzu Extra Large Free Range Eggs 15s', 17, CAST(30.0000 AS Money), CAST(20.0000 AS Money), 800, N'Img/Products/40.jpg')
INSERT INTO [dbo].[Product] ([ID], [Name], [SubCategoryID], [Price], [Cost], [StockOnHand], [Image_Location]) VALUES (41, N'Nulaid Jumbo Eggs 18s', 17, CAST(20.0000 AS Money), CAST(10.0000 AS Money), 500, N'Img/Products/41.jpg')
INSERT INTO [dbo].[Product] ([ID], [Name], [SubCategoryID], [Price], [Cost], [StockOnHand], [Image_Location]) VALUES (42, N'Green Pantry Apples 1kg', 18, CAST(30.0000 AS Money), CAST(15.0000 AS Money), 800, N'Img/Products/42.jpg')
INSERT INTO [dbo].[Product] ([ID], [Name], [SubCategoryID], [Price], [Cost], [StockOnHand], [Image_Location]) VALUES (43, N'Green Pantry Oranges 1kg', 18, CAST(25.0000 AS Money), CAST(15.0000 AS Money), 800, N'Img/Products/43.jpg')
INSERT INTO [dbo].[Product] ([ID], [Name], [SubCategoryID], [Price], [Cost], [StockOnHand], [Image_Location]) VALUES (45, N'Green Pantry Lettuce 1kg', 19, CAST(20.0000 AS Money), CAST(15.0000 AS Money), 900, N'Img/Products/45.jpg')
INSERT INTO [dbo].[Product] ([ID], [Name], [SubCategoryID], [Price], [Cost], [StockOnHand], [Image_Location]) VALUES (46, N'Green Pantry Carrots 1kg', 19, CAST(30.0000 AS Money), CAST(15.0000 AS Money), 900, N'Img/Products/46.jpg')
INSERT INTO [dbo].[Product] ([ID], [Name], [SubCategoryID], [Price], [Cost], [StockOnHand], [Image_Location]) VALUES (47, N'Green Pantry T Bone Steak 500g', 20, CAST(140.0000 AS Money), CAST(100.0000 AS Money), 400, N'Img/Products/47.jpg')
INSERT INTO [dbo].[Product] ([ID], [Name], [SubCategoryID], [Price], [Cost], [StockOnHand], [Image_Location]) VALUES (48, N'Green Pantry Lamb Chops 300g', 20, CAST(75.0000 AS Money), CAST(40.0000 AS Money), 900, N'Img/Products/48.jpg')
INSERT INTO [dbo].[Product] ([ID], [Name], [SubCategoryID], [Price], [Cost], [StockOnHand], [Image_Location]) VALUES (49, N'Green Pantry Baby Gem Lettuce', 21, CAST(20.0000 AS Money), CAST(15.0000 AS Money), 600, N'Img/Products/49.jpg')
INSERT INTO [dbo].[Product] ([ID], [Name], [SubCategoryID], [Price], [Cost], [StockOnHand], [Image_Location]) VALUES (50, N'Green Pantry Parsley 20g', 21, CAST(30.0000 AS Money), CAST(15.0000 AS Money), 900, N'Img/Products/50.jpg')
INSERT INTO [dbo].[Product] ([ID], [Name], [SubCategoryID], [Price], [Cost], [StockOnHand], [Image_Location]) VALUES (51, N'Lancewood Double Cream Mixed Berries Yoghurt 150g', 22, CAST(20.0000 AS Money), CAST(10.0000 AS Money), 500, N'Img/Products/51.jpg')
INSERT INTO [dbo].[Product] ([ID], [Name], [SubCategoryID], [Price], [Cost], [StockOnHand], [Image_Location]) VALUES (52, N'Clover Low Fat Smooth Mix Fruit Dairy Snack', 22, CAST(40.0000 AS Money), CAST(32.0000 AS Money), 800, N'Img/Products/52.jpg')
INSERT INTO [dbo].[Product] ([ID], [Name], [SubCategoryID], [Price], [Cost], [StockOnHand], [Image_Location]) VALUES (53, N'Fishmonger''s Pickled Fish 500g', 23, CAST(180.0000 AS Money), CAST(160.0000 AS Money), 900, N'Img/Products/53.jpg')
INSERT INTO [dbo].[Product] ([ID], [Name], [SubCategoryID], [Price], [Cost], [StockOnHand], [Image_Location]) VALUES (54, N'Green Pantry Beaf Biltong 350g', 24, CAST(30.0000 AS Money), CAST(12.0000 AS Money), 800, N'Img/Products/54.jpg')
INSERT INTO [dbo].[Product] ([ID], [Name], [SubCategoryID], [Price], [Cost], [StockOnHand], [Image_Location]) VALUES (55, N'Green Pantry Beaf Snapsticks', 24, CAST(20.0000 AS Money), CAST(10.0000 AS Money), 700, N'Img/Products/55.jpg')
INSERT INTO [dbo].[Product] ([ID], [Name], [SubCategoryID], [Price], [Cost], [StockOnHand], [Image_Location]) VALUES (56, N'Parmalat Gouda Vacuum Seal 850g', 25, CAST(30.0000 AS Money), CAST(20.0000 AS Money), 800, N'Img/Products/56.jpg')
INSERT INTO [dbo].[Product] ([ID], [Name], [SubCategoryID], [Price], [Cost], [StockOnHand], [Image_Location]) VALUES (57, N'Lancewood Mild Cheddar Cheese 450g', 25, CAST(90.0000 AS Money), CAST(45.0000 AS Money), 500, N'Img/Products/57.jpg')
INSERT INTO [dbo].[Product] ([ID], [Name], [SubCategoryID], [Price], [Cost], [StockOnHand], [Image_Location]) VALUES (58, N'McCain Skinny French Fries 1.5kg', 26, CAST(40.0000 AS Money), CAST(24.0000 AS Money), 400, N'Img/Products/58.jpg')
INSERT INTO [dbo].[Product] ([ID], [Name], [SubCategoryID], [Price], [Cost], [StockOnHand], [Image_Location]) VALUES (59, N'McCain Crispy Oven Chips 750g', 26, CAST(30.0000 AS Money), CAST(20.0000 AS Money), 800, N'Img/Products/59.jpg')
INSERT INTO [dbo].[Product] ([ID], [Name], [SubCategoryID], [Price], [Cost], [StockOnHand], [Image_Location]) VALUES (60, N'Natures Garden Cut Green Beans 1kg', 28, CAST(30.0000 AS Money), CAST(20.0000 AS Money), 300, N'Img/Products/60.jpg')
INSERT INTO [dbo].[Product] ([ID], [Name], [SubCategoryID], [Price], [Cost], [StockOnHand], [Image_Location]) VALUES (62, N'McCain Savoury Rice 500g', 28, CAST(40.0000 AS Money), CAST(24.0000 AS Money), 300, N'Img/Products/62.jpg')
INSERT INTO [dbo].[Product] ([ID], [Name], [SubCategoryID], [Price], [Cost], [StockOnHand], [Image_Location]) VALUES (63, N'Green Pantry Samoosas 1kg', 29, CAST(30.0000 AS Money), CAST(23.0000 AS Money), 200, N'Img/Products/63.jpg')
INSERT INTO [dbo].[Product] ([ID], [Name], [SubCategoryID], [Price], [Cost], [StockOnHand], [Image_Location]) VALUES (64, N'Kauai Smoothie Plant Power 720g', 30, CAST(40.0000 AS Money), CAST(20.0000 AS Money), 300, N'Img/Products/64.jpg')
INSERT INTO [dbo].[Product] ([ID], [Name], [SubCategoryID], [Price], [Cost], [StockOnHand], [Image_Location]) VALUES (65, N'Kauai Smoothie Strawberry Stinger 640g', 30, CAST(30.0000 AS Money), CAST(20.0000 AS Money), 300, N'Img/Products/65.jpg')
INSERT INTO [dbo].[Product] ([ID], [Name], [SubCategoryID], [Price], [Cost], [StockOnHand], [Image_Location]) VALUES (66, N'Dr.Oetker Ital Pizza Minis Bacon & Cheese 8s', 31, CAST(45.0000 AS Money), CAST(35.0000 AS Money), 600, N'Img/Products/66.jpg')
INSERT INTO [dbo].[Product] ([ID], [Name], [SubCategoryID], [Price], [Cost], [StockOnHand], [Image_Location]) VALUES (67, N'Ital Pizza Classic BBQ Chicken 320g', 31, CAST(60.0000 AS Money), CAST(30.0000 AS Money), 600, N'Img/Products/67.jpg')
INSERT INTO [dbo].[Product] ([ID], [Name], [SubCategoryID], [Price], [Cost], [StockOnHand], [Image_Location]) VALUES (69, N'County Fair Light Crumbed Chicken Nugget 400g', 32, CAST(40.0000 AS Money), CAST(20.0000 AS Money), 700, N'Img/Products/69.jpg')
INSERT INTO [dbo].[Product] ([ID], [Name], [SubCategoryID], [Price], [Cost], [StockOnHand], [Image_Location]) VALUES (70, N'County Fair Chicken Steaklets 400g', 32, CAST(40.0000 AS Money), CAST(20.0000 AS Money), 700, N'Img/Products/70.jpg')
INSERT INTO [dbo].[Product] ([ID], [Name], [SubCategoryID], [Price], [Cost], [StockOnHand], [Image_Location]) VALUES (71, N'Ola Ice Cream Vanilla 1.8l', 33, CAST(20.0000 AS Money), CAST(10.0000 AS Money), 500, N'Img/Products/71.jpg')
INSERT INTO [dbo].[Product] ([ID], [Name], [SubCategoryID], [Price], [Cost], [StockOnHand], [Image_Location]) VALUES (72, N'Ola Gino Ginelli Creme Brulee Ice Cream 1.4l', 33, CAST(40.0000 AS Money), CAST(35.0000 AS Money), 600, N'Img/Products/72.jpg')
INSERT INTO [dbo].[Product] ([ID], [Name], [SubCategoryID], [Price], [Cost], [StockOnHand], [Image_Location]) VALUES (75, N'Dr Oetker Nice ''N Easy Frozen Chicken 350g', 34, CAST(30.0000 AS Money), CAST(15.0000 AS Money), 700, N'Img/Products/75.jpg')
INSERT INTO [dbo].[Product] ([ID], [Name], [SubCategoryID], [Price], [Cost], [StockOnHand], [Image_Location]) VALUES (76, N'Today Puff Pastry 400g', 35, CAST(14.0000 AS Money), CAST(12.0000 AS Money), 500, N'Img/Products/76.jpg')
INSERT INTO [dbo].[Product] ([ID], [Name], [SubCategoryID], [Price], [Cost], [StockOnHand], [Image_Location]) VALUES (77, N'Lancewood Dairy Cheese Sauce 250ml', 36, CAST(30.0000 AS Money), CAST(12.0000 AS Money), 400, N'Img/Products/77.jpg')
INSERT INTO [dbo].[Product] ([ID], [Name], [SubCategoryID], [Price], [Cost], [StockOnHand], [Image_Location]) VALUES (78, N'Caramelised Onion Hummus 180g', 37, CAST(30.0000 AS Money), CAST(12.0000 AS Money), 800, N'Img/Products/78.jpg')
INSERT INTO [dbo].[Product] ([ID], [Name], [SubCategoryID], [Price], [Cost], [StockOnHand], [Image_Location]) VALUES (79, N'Smoked Chicken Viennas 500g', 38, CAST(20.0000 AS Money), CAST(12.0000 AS Money), 600, N'Img/Products/79.jpg')
INSERT INTO [dbo].[Product] ([ID], [Name], [SubCategoryID], [Price], [Cost], [StockOnHand], [Image_Location]) VALUES (80, N'Oak Smoked Trout Ribbons 2x100g', 39, CAST(30.0000 AS Money), CAST(15.0000 AS Money), 400, N'Img/Products/80.jpg')
INSERT INTO [dbo].[Product] ([ID], [Name], [SubCategoryID], [Price], [Cost], [StockOnHand], [Image_Location]) VALUES (81, N'Hummus 180g', 40, CAST(24.0000 AS Money), CAST(20.0000 AS Money), 700, N'Img/Products/81.jpg')
INSERT INTO [dbo].[Product] ([ID], [Name], [SubCategoryID], [Price], [Cost], [StockOnHand], [Image_Location]) VALUES (82, N'Green Pantry Steak pie 300g', 41, CAST(30.0000 AS Money), CAST(20.0000 AS Money), 200, N'Img/Products/82.jpg')
INSERT INTO [dbo].[Product] ([ID], [Name], [SubCategoryID], [Price], [Cost], [StockOnHand], [Image_Location]) VALUES (83, N'Beef Lasagne 1Kg', 42, CAST(40.0000 AS Money), CAST(23.0000 AS Money), 600, N'Img/Products/83.jpg')
INSERT INTO [dbo].[Product] ([ID], [Name], [SubCategoryID], [Price], [Cost], [StockOnHand], [Image_Location]) VALUES (84, N'Fresh & Creamy Tomato Soup 600g', 43, CAST(60.0000 AS Money), CAST(30.0000 AS Money), 500, N'Img/Products/84.jpg')
INSERT INTO [dbo].[Product] ([ID], [Name], [SubCategoryID], [Price], [Cost], [StockOnHand], [Image_Location]) VALUES (85, N'Fresh Five Cheese Ravioli 250g', 44, CAST(23.0000 AS Money), CAST(13.0000 AS Money), 400, N'Img/Products/85.jpg')
INSERT INTO [dbo].[Product] ([ID], [Name], [SubCategoryID], [Price], [Cost], [StockOnHand], [Image_Location]) VALUES (86, N'Brown Sandwich Bread 700g', 45, CAST(10.0000 AS Money), CAST(4.0000 AS Money), 100, N'Img/Products/86.jpg')
INSERT INTO [dbo].[Product] ([ID], [Name], [SubCategoryID], [Price], [Cost], [StockOnHand], [Image_Location]) VALUES (87, N'White Hamburger Rolls 6Pk', 46, CAST(20.0000 AS Money), CAST(10.0000 AS Money), 150, N'Img/Products/87.jpg')
INSERT INTO [dbo].[Product] ([ID], [Name], [SubCategoryID], [Price], [Cost], [StockOnHand], [Image_Location]) VALUES (88, N'Fruit Cake Loaf 400g', 47, CAST(50.0000 AS Money), CAST(35.0000 AS Money), 500, N'Img/Products/88.jpg')
INSERT INTO [dbo].[Product] ([ID], [Name], [SubCategoryID], [Price], [Cost], [StockOnHand], [Image_Location]) VALUES (89, N'Blueberry Muffins 4Pk', 48, CAST(34.0000 AS Money), CAST(24.0000 AS Money), 120, N'Img/Products/89.jpg')
INSERT INTO [dbo].[Product] ([ID], [Name], [SubCategoryID], [Price], [Cost], [StockOnHand], [Image_Location]) VALUES (90, N'AQUA KIDZ VITALIZ ST/WATER GRAPE 246ML', 49, CAST(14.0000 AS Money), CAST(12.0000 AS Money), 100, N'Img/Products/90.jpg')
INSERT INTO [dbo].[Product] ([ID], [Name], [SubCategoryID], [Price], [Cost], [StockOnHand], [Image_Location]) VALUES (91, N'Rose''s Kola Tonic 750ml', 50, CAST(20.0000 AS Money), CAST(13.0000 AS Money), 200, N'Img/Products/91.jpg')
INSERT INTO [dbo].[Product] ([ID], [Name], [SubCategoryID], [Price], [Cost], [StockOnHand], [Image_Location]) VALUES (92, N'Sprite Zero 2.25l', 51, CAST(10.0000 AS Money), CAST(5.0000 AS Money), 200, N'Img/Products/92.jpg')
INSERT INTO [dbo].[Product] ([ID], [Name], [SubCategoryID], [Price], [Cost], [StockOnHand], [Image_Location]) VALUES (93, N'Nestle Hot Chocolate 250g', 52, CAST(20.0000 AS Money), CAST(10.0000 AS Money), 300, N'Img/Products/93.jpg')
INSERT INTO [dbo].[Product] ([ID], [Name], [SubCategoryID], [Price], [Cost], [StockOnHand], [Image_Location]) VALUES (94, N'Green Pantry Fresh Orange Juice 1l', 53, CAST(30.0000 AS Money), CAST(20.0000 AS Money), 100, N'Img/Products/94.jpg')
INSERT INTO [dbo].[Product] ([ID], [Name], [SubCategoryID], [Price], [Cost], [StockOnHand], [Image_Location]) VALUES (95, N'Green Pantry Peach Malt', 54, CAST(20.0000 AS Money), CAST(10.0000 AS Money), 100, N'Img/Products/95.jpg')
INSERT INTO [dbo].[Product] ([ID], [Name], [SubCategoryID], [Price], [Cost], [StockOnHand], [Image_Location]) VALUES (96, N'Power Play Energy Drink Light 440ml x 4', 55, CAST(30.0000 AS Money), CAST(15.0000 AS Money), 400, N'Img/Products/96.jpg')
INSERT INTO [dbo].[Product] ([ID], [Name], [SubCategoryID], [Price], [Cost], [StockOnHand], [Image_Location]) VALUES (97, N'KITCHEN + HOME BAMBOO TOWELS', 56, CAST(180.0000 AS Money), CAST(100.0000 AS Money), 300, N'Img/Products/97.jpg')
SET IDENTITY_INSERT [dbo].[Product] OFF
/*Populate Product table -- START*/